{
  "$schema": "http://schema.management.azure.com/schemas/2015-01-01/deploymentTemplate.json#",
  "contentVersion": "1.0.0.0",
  "parameters": {
    "demo_name": {
      "type": "string"
    },
    "package_url": {
      "type": "string"
    }
  },
  "variables": {
    "document_db_name": "[concat(parameters('demo_name'), '-docdb')]",
    "azure_search_name": "[concat(parameters('demo_name'), 's')]",
    "sql_server_name": "[concat(parameters('demo_name'), '-sqlserver')]",
    "storage_name": "[concat(parameters('demo_name'), 'so')]",
    "sql_user_name": "[concat(parameters('demo_name'), '-admin')]",
    "web_service_package_url": "[parameters('package_url')]",
    "web_service_hosting_plan_name": "[concat(parameters('demo_name'), '-hosting-plan')]",
    "web_service_hosting_plan_resource_id": "[resourceId('Microsoft.Web/serverfarms', variables('web_service_hosting_plan_name'))]",
    "web_service_name": "[parameters('demo_name')]",
    "web_service_resource_id": "[resourceId('Microsoft.Web/sites', variables('web_service_name'))]",
    "web_service_hosting_plan_sku": "Standard",
    "web_service_hosting_plan_worker_size": "1"
  },
  "resources": [
    {
      "comments": "### Create Storage Account ###",
      "apiVersion": "2015-05-01-preview",
      "type": "Microsoft.Storage/storageAccounts",
      "name": "[variables('storage_name')]",
      "location": "[resourceGroup().location]",
      "properties": {
        "accountType": "Standard_RAGRS"
      }
    },
    {
      "comments": "### Create Document Db ###",
      "apiVersion": "2015-04-08",
      "type": "Microsoft.DocumentDB/databaseAccounts",
      "name": "[variables('document_db_name')]",
      "location": "[resourceGroup().location]",
      "properties": {
        "name": "[variables('document_db_name')]",
        "databaseAccountOfferType": "Standard"
      }
    },
    {
      "comments": "### Create SQL Db ###",
      "name": "[variables('sql_server_name')]",
      "type": "Microsoft.Sql/servers",
      "location": "[resourceGroup().location]",
      "apiVersion": "2014-04-01-preview",
      "properties": {
        "administratorLogin": "[variables('sql_user_name')]",
        "administratorLoginPassword": "Guig0d5#",
        "version": "12.0"
      },
      "resources": [
        {
          "name": "AdventureWorks",
          "type": "databases",
          "location": "[resourceGroup().location]",
          "apiVersion": "2014-04-01-preview",
          "dependsOn": [
            "[concat('Microsoft.Sql/servers/', variables('sql_server_name'))]"
          ],
          "properties": {
            "edition": "Standard",
            "collation": "SQL_Latin1_General_CP1_CI_AS",
            "maxSizeBytes": "1073741824",
            "requestedServiceObjectiveName": "S1"
          }
        },
        {
          "apiVersion": "2014-04-01-preview",
          "dependsOn": [
            "[concat('Microsoft.Sql/servers/', variables('sql_server_name'))]"
          ],
          "location": "[resourceGroup().location]",
          "name": "AllowAllWindowsAzureIps",
          "properties": {
            "startIpAddress": "0.0.0.0",
            "endIpAddress": "0.0.0.0"
          },
          "type": "firewallrules"
        },
        {
          "apiVersion": "2014-04-01-preview",
          "dependsOn": [
            "[concat('Microsoft.Sql/servers/', variables('sql_server_name'))]"
          ],
          "location": "[resourceGroup().location]",
          "name": "AllConnectionsAllowed",
          "properties": {
            "startIpAddress": "0.0.0.0",
            "endIpAddress": "255.255.255.255"
          },
          "type": "firewallrules"
        }
      ]
    },
    {
      "comments": "### Create Search ###",
      "apiVersion": "2015-02-28",
      "name": "[variables('azure_search_name')]",
      "type": "Microsoft.Search/searchServices",
      "location": "[resourceGroup().location]",
      "properties": {
        "sku": {
          "name": "standard"
        }
      }
    },
    {
      "comments": "### Create Web Service Hosting Plan ###",
      "apiVersion": "2015-04-01",
      "name": "[variables('web_service_hosting_plan_name')]",
      "type": "Microsoft.Web/serverfarms",
      "location": "[resourceGroup().location]",
      "properties": {
        "name": "[variables('web_service_hosting_plan_name')]",
        "sku": "[variables('web_service_hosting_plan_sku')]",
        "workerSize": "[variables('web_service_hosting_plan_worker_size')]",
        "numberOfWorkers": 1
      }
    },
    {
      "comments": "### Create Web Service ###",
      "apiVersion": "2015-04-01",
      "name": "[variables('web_service_name')]",
      "type": "Microsoft.Web/sites",
      "location": "[resourceGroup().location]",
      "dependsOn": [
        "[variables('web_service_hosting_plan_resource_id')]"
      ],
      "properties": {
        "serverFarmId": "[variables('web_service_hosting_plan_name')]",
        "siteConfig": {
          "alwaysOn": true
        }
      },
      "resources": [
        {
          "comments": "### Deploy Web Service ###",
          "apiVersion": "2015-04-01",
          "name": "MSDeploy",
          "type": "extensions",
          "dependsOn": [
            "[variables('web_service_resource_id')]"
          ],
          "properties": {
            "packageUri": "[variables('web_service_package_url')]",
            "connectionString": "",
            "dbType": ""
          }
        },
        {
          "apiVersion": "2014-11-01",
          "name": "appsettings",
          "type": "config",
          "dependsOn": [
            "MSDeploy",
            "[variables('web_service_name')]",
            "[variables('storage_name')]",
            "[variables('document_db_name')]",
            "[variables('azure_search_name')]",
            "[variables('sql_server_name')]"
          ],
          "properties": {
            "OrderDatabaseConnectionString": "[concat('Data Source=tcp:', reference(concat('Microsoft.Sql/servers/', variables('sql_server_name'))).fullyQualifiedDomainName, ',1433;Initial Catalog=AdventureWorks;User Id=', variables('sql_user_name'),';Password=Guig0d5#;')]",
            "AzureImageBlobConnectionString": "[concat('DefaultEndpointsProtocol=https;AccountName=', variables('storage_name'), ';AccountKey=', listkeys(variables('storage_name'), '2015-05-01-preview').key1)]",
            "AzureTableBlobConnectionString": "[concat('DefaultEndpointsProtocol=https;AccountName=', variables('storage_name'), ';AccountKey=', listkeys(variables('storage_name'), '2015-05-01-preview').key1)]",
            "SearchPrimaryIndexName": "Products",
            "DocumentDbDatabase": "Database",
            "DocumentDbCollectionSuffix": "Collection",
            "SearchReviewIndexName": "Reviews",
            "AzureImageBlobContainerName": "docdbimages",
            "SearchApiKey": "[listAdminKeys(variables('azure_search_name'), '2015-02-28').primaryKey]",
            "SearchServiceUrl": "[concat('https://', variables('azure_search_name') ,'.search.windows.net')]",
            "DocumentDbUri": "[reference(variables('document_db_name')).documentEndpoint]",
            "DocumentDbAuthKey": "[listkeys(variables('document_db_name'), '2015-04-08').primaryMasterKey]"
          }
        }
      ]
    }
  ],
  "outputs": {
    "WebsiteUrl": {
      "type": "string",
      "value": "[reference(variables('web_service_name')).hostNames[0]]"
    },
    "SQLUsername": {
      "type": "string",
      "value": "[variables('sql_user_name')]"
    },
    "SQLPassword": {
      "type": "string",
      "value": "Guig0d5"
    },
    "SearchApiKey": {
      "type": "string",
      "value": "[listAdminKeys(variables('azure_search_name'), '2015-02-28').primaryKey]"
    },
    "SearchServiceUrl": {
      "type": "string",
      "value": "[concat('https://', variables('azure_search_name') ,'.search.windows.net')]"
    },
    "DocumentDbUri": {
      "type": "string",
      "value": "[reference(variables('document_db_name')).documentEndpoint]"
    },
    "DocumentDbAuthKey": {
      "type": "string",
      "value": "[listkeys(variables('document_db_name'), '2015-04-08').primaryMasterKey]"
    },
    "AzureImageBlobConnectionString": {
      "type": "string",
      "value": "[concat('DefaultEndpointsProtocol=https;AccountName=', variables('storage_name'), ';AccountKey=', listkeys(variables('storage_name'), '2015-05-01-preview').key1)]"
    },
    "AzureTableBlobConnectionString": {
      "type": "string",
      "value": "[concat('DefaultEndpointsProtocol=https;AccountName=', variables('storage_name'), ';AccountKey=', listkeys(variables('storage_name'), '2015-05-01-preview').key1)]"
    },
    "OrderDatabaseConnectionString": {
      "value": "[concat('Data Source=tcp:', reference(concat('Microsoft.Sql/servers/', variables('sql_server_name'))).fullyQualifiedDomainName, ',1433;Initial Catalog=AdventureWorks;User Id=', variables('sql_user_name'),';Password=Guig0d5#;')]",
      "type": "string"
    }
  }
}